uniprot_id,mod_residue,position,LTP_refs,HTP_refs,total_refs,pubmed_ids,mod_type
Q8NB78,S,13,0,11,11,44702637,phosphorylation
Q8NB78,S,17,0,32,32,6413095,phosphorylation
Q8NB78,S,20,0,1,1,72272009,phosphorylation
Q8NB78,S,25,0,1,1,63776481,phosphorylation
Q8NB78,S,26,0,1,1,62177033,phosphorylation
Q8NB78,T,243,0,2,2,63769599,phosphorylation
Q8NB78,S,247,0,20,20,14644121,phosphorylation
Q8NB78,Y,374,0,1,1,46164807,phosphorylation
Q8NB78,T,626,0,1,1,51460279,phosphorylation
Q8NB78,S,644,0,1,1,46164789,phosphorylation
Q8NB78,S,711,0,2,2,46164795,phosphorylation
Q8NB78,S,720,0,1,1,46164801,phosphorylation
Q8NB78,T,750,0,1,1,10964131,phosphorylation
Q8NB78,T,755,0,1,1,10964141,phosphorylation
Q8NB78,S,768,0,1,1,10964151,phosphorylation
Q8NHM5,Y,50,0,1,1,28320069,phosphorylation
Q8NHM5,S,57,0,22,22,9476355,phosphorylation
Q8NHM5,S,64,0,1,1,55444569,phosphorylation
Q8NHM5,Y,94,0,1,1,30461591,phosphorylation
Q8NHM5,T,124,0,1,1,50584225,phosphorylation
Q8NHM5,S,134,0,1,1,175431,phosphorylation
Q8NHM5,T,145,0,2,2,175433,phosphorylation
Q8NHM5,T,149,0,1,1,46212463,phosphorylation
Q8NHM5,Y,223,0,2,2,36019389,phosphorylation
Q8NHM5,Y,229,0,1,1,50584233,phosphorylation
Q8NHM5,T,440,0,1,1,108827963,phosphorylation
Q8NHM5,S,443,0,1,1,23074417,phosphorylation
Q8NHM5,T,444,0,1,1,29147041,phosphorylation
Q8NHM5,S,445,0,6,6,46212451,phosphorylation
Q8NHM5,T,447,0,1,1,14644293,phosphorylation
Q8NHM5,T,449,0,3,3,46212469,phosphorylation
Q8NHM5,T,472,0,1,1,46212475,phosphorylation
Q8NHM5,S,474,0,20,20,34537,phosphorylation
Q8NHM5,S,477,0,5,5,29147053,phosphorylation
Q8NHM5,S,480,0,4,4,29472063,phosphorylation
Q8NHM5,T,493,0,39,39,118929,phosphorylation
Q8NHM5,T,495,0,17,17,10835995,phosphorylation
Q8NHM5,S,497,0,17,17,34539,phosphorylation
Q8NHM5,T,500,0,2,2,46212481,phosphorylation
Q8NHM5,S,503,0,2,2,29147077,phosphorylation
Q8NHM5,S,593,0,1,1,72265133,phosphorylation
Q8NHM5,Y,739,0,15,15,76643,phosphorylation
Q8NHM5,S,741,0,1,1,50584241,phosphorylation
Q8NHM5,S,746,0,3,3,50584249,phosphorylation
Q8NHM5,S,768,0,3,3,54898105,phosphorylation
Q8NHM5,S,795,0,9,9,37820801,phosphorylation
Q8NHM5,S,813,0,1,1,101557867,phosphorylation
Q8NHM5,S,820,0,1,1,82904003,phosphorylation
Q8NHM5,S,824,0,1,1,9476365,phosphorylation
Q8NHM5,S,827,0,1,1,63741633,phosphorylation
Q8NHM5,S,832,0,2,2,63735473,phosphorylation
Q8NHM5,S,840,0,1,1,46212457,phosphorylation
Q8NHM5,S,842,0,1,1,6414001,phosphorylation
Q8NHM5,T,850,0,1,1,46212487,phosphorylation
Q8NHM5,S,912,0,1,1,6414007,phosphorylation
Q8NHM5,S,913,0,1,1,23074425,phosphorylation
Q8NHM5,S,914,0,8,8,6414013,phosphorylation
Q8NHM5,T,916,0,2,2,23074433,phosphorylation
Q8NHM5,S,947,0,1,1,72273941,phosphorylation
Q8NHM5,S,951,0,7,7,62162905,phosphorylation
Q8NHM5,S,975,0,25,25,9476385,phosphorylation
Q8NHM5,S,979,0,24,24,9476395,phosphorylation
Q8NHM5,T,1004,0,3,3,76974135,phosphorylation
Q8NHM5,S,1015,0,2,2,67172171,phosphorylation
Q8NHM5,S,1018,0,13,13,29147047,phosphorylation
Q8NHM5,S,1029,0,9,9,44700099,phosphorylation
Q8NHM5,S,1031,0,23,23,6413989,phosphorylation
Q9Y2K7,S,28,0,53,53,9420367,phosphorylation
Q9Y2K7,S,390,0,5,5,6433567,phosphorylation
Q9Y2K7,S,394,0,5,5,6433573,phosphorylation
Q9Y2K7,Y,404,0,1,1,56068335,phosphorylation
Q9Y2K7,S,413,0,1,1,82904011,phosphorylation
Q9Y2K7,A,422,0,2,2,62203991,phosphorylation
Q9Y2K7,A,444,0,6,6,9420377,phosphorylation
Q9Y2K7,T,526,0,1,1,68701051,phosphorylation
Q9Y2K7,T,534,0,1,1,72500383,phosphorylation
Q9Y2K7,T,550,1,28,29,103875,phosphorylation
Q9Y2K7,S,558,0,30,30,6433579,phosphorylation
Q9Y2K7,S,562,0,4,4,63756307,phosphorylation
Q9Y2K7,T,632,1,6,7,163777,phosphorylation
Q9Y2K7,S,692,0,41,41,6433585,phosphorylation
Q9Y2K7,S,707,0,4,4,9420387,phosphorylation
Q9Y2K7,T,713,0,66,66,117831,phosphorylation
Q9Y2K7,S,718,0,44,44,6433591,phosphorylation
Q9Y2K7,T,720,0,16,16,117835,phosphorylation
Q9Y2K7,S,721,0,16,16,6433597,phosphorylation
Q9Y2K7,S,731,0,52,52,6433603,phosphorylation
Q9Y2K7,S,739,0,2,2,8345609,phosphorylation
Q9Y2K7,S,740,0,5,5,8345605,phosphorylation
Q9Y2K7,S,797,0,3,3,30820251,phosphorylation
Q9Y2K7,Y,798,0,1,1,108434427,phosphorylation
Q9Y2K7,T,800,0,1,1,108434419,phosphorylation
Q9Y2K7,T,802,0,2,2,69338649,phosphorylation
Q9Y2K7,T,823,0,1,1,113336711,phosphorylation
Q9Y2K7,S,825,0,1,1,62173133,phosphorylation
Q9Y2K7,S,826,0,1,1,108827971,phosphorylation
Q9Y2K7,S,832,0,10,10,6433609,phosphorylation
Q9Y2K7,T,844,0,4,4,6433621,phosphorylation
Q9Y2K7,S,869,0,32,32,6433615,phosphorylation
Q9Y2K7,S,883,0,6,6,36019395,phosphorylation
Q9Y2K7,S,988,0,1,1,46212601,phosphorylation
Q9Y2K7,T,1024,0,1,1,113336703,phosphorylation
P29375,T,46,0,1,1,36021995,phosphorylation
P29375,T,84,0,1,1,36521515,phosphorylation
P29375,S,121,0,1,1,51484509,phosphorylation
P29375,S,126,0,1,1,51484521,phosphorylation
P29375,T,134,0,1,1,68706519,phosphorylation
P29375,S,160,0,1,1,101562763,phosphorylation
P29375,Y,162,0,1,1,101562771,phosphorylation
P29375,T,203,0,1,1,63723197,phosphorylation
P29375,S,204,0,13,13,29157879,phosphorylation
P29375,T,223,0,5,5,15645391,phosphorylation
P29375,S,225,1,1,2,72246993,phosphorylation
P29375,T,285,1,0,1,113260801,phosphorylation
P29375,S,287,1,0,1,113260805,phosphorylation
P29375,S,399,0,2,2,157843,phosphorylation
P29375,T,918,0,1,1,46233685,phosphorylation
P29375,S,970,0,4,4,54902289,phosphorylation
P29375,S,973,0,1,1,63711393,phosphorylation
P29375,S,1066,0,1,1,108829159,phosphorylation
P29375,T,1069,0,1,1,108829167,phosphorylation
P29375,S,1075,0,2,2,72260721,phosphorylation
P29375,S,1085,0,1,1,14209631,phosphorylation
P29375,S,1111,0,40,40,115141,phosphorylation
P29375,S,1143,0,1,1,20808817,phosphorylation
P29375,T,1225,1,0,1,113260799,phosphorylation
P29375,S,1255,1,0,1,113260803,phosphorylation
P29375,S,1280,0,1,1,68706659,phosphorylation
P29375,S,1327,0,3,3,11008575,phosphorylation
P29375,S,1329,0,1,1,11008585,phosphorylation
P29375,S,1330,0,2,2,6379263,phosphorylation
P29375,S,1331,0,8,8,32347,phosphorylation
P29375,Y,1338,0,1,1,3736586721,phosphorylation
P29375,T,1343,0,9,9,9443505,phosphorylation
P29375,S,1345,0,9,9,9443515,phosphorylation
P29375,S,1365,0,1,1,9443535,phosphorylation
P29375,S,1410,0,3,3,46233673,phosphorylation
P29375,S,1414,0,1,1,30822449,phosphorylation
P29375,T,1415,0,4,4,30822455,phosphorylation
P29375,S,1423,0,7,7,25335275,phosphorylation
P29375,S,1438,0,3,3,62164935,phosphorylation
P29375,S,1476,0,1,1,51484515,phosphorylation
P29375,S,1488,0,12,12,54902283,phosphorylation
P29375,S,1579,0,1,1,72242179,phosphorylation
P29375,Y,1595,0,2,2,9443555,phosphorylation
P29375,S,1598,0,12,12,9443565,phosphorylation
P29375,S,1603,0,11,11,9443575,phosphorylation
P29375,S,1666,0,16,16,32349,phosphorylation
P29375,S,1674,0,1,1,46233679,phosphorylation
Q9UGL1,Y,110,0,1,1,7454915,phosphorylation
Q9UGL1,T,157,0,1,1,45554965,phosphorylation
Q9UGL1,T,264,0,2,2,46233703,phosphorylation
Q9UGL1,S,415,0,2,2,118621,phosphorylation
Q9UGL1,S,457,0,1,1,46233697,phosphorylation
Q9UGL1,T,476,0,1,1,46233709,phosphorylation
Q9UGL1,Y,730,0,1,1,83477,phosphorylation
Q9UGL1,Y,734,0,2,2,127723,phosphorylation
Q9UGL1,Y,736,0,3,3,73627,phosphorylation
Q9UGL1,Y,742,0,3,3,127727,phosphorylation
Q9UGL1,S,812,0,2,2,10414439,phosphorylation
Q9UGL1,S,986,0,7,7,14646083,phosphorylation
Q9UGL1,N,988,0,1,1,3736597339,phosphorylation
Q9UGL1,S,1126,0,1,1,110759977,phosphorylation
Q9UGL1,S,1135,0,18,18,9906645,phosphorylation
Q9UGL1,T,1144,0,19,19,9906655,phosphorylation
Q9UGL1,S,1158,0,2,2,62175303,phosphorylation
Q9UGL1,S,1169,0,1,1,113337563,phosphorylation
Q9UGL1,S,1328,1,6,7,30822461,phosphorylation
Q9UGL1,S,1384,0,3,3,46233691,phosphorylation
Q9UGL1,S,1405,0,11,11,6429949,phosphorylation
Q9UGL1,S,1420,0,1,1,113337575,phosphorylation
Q9UGL1,S,1456,1,9,10,30808229,phosphorylation
P41229,Y,239,0,5,5,29161017,phosphorylation
P41229,S,287,0,2,2,54902295,phosphorylation
P41229,S,299,0,3,3,101661811,phosphorylation
P41229,S,301,0,30,30,21653589,phosphorylation
P41229,T,306,0,1,1,101661817,phosphorylation
P41229,S,317,0,70,70,6380451,phosphorylation
P41229,Y,408,0,1,1,51484527,phosphorylation
P41229,S,799,0,1,1,46233715,phosphorylation
P41229,T,849,0,1,1,46233727,phosphorylation
P41229,S,893,0,5,5,9413835,phosphorylation
P41229,S,897,0,13,13,6380457,phosphorylation
P41229,T,946,0,1,1,46233733,phosphorylation
P41229,Y,1327,0,1,1,57473281,phosphorylation
P41229,S,1333,0,1,1,57473283,phosphorylation
P41229,S,1340,0,1,1,57473279,phosphorylation
P41229,S,1356,0,4,4,21882295,phosphorylation
P41229,T,1358,0,2,2,21882301,phosphorylation
P41229,S,1359,0,21,21,32383,phosphorylation
Q9BY66,Y,143,0,1,1,37010831,phosphorylation
Q9BY66,S,151,0,2,2,37007455,phosphorylation
Q9BY66,Y,239,0,4,4,29161029,phosphorylation
Q9BY66,S,420,0,2,2,157847,phosphorylation
Q9BY66,S,453,0,1,1,102293069,phosphorylation
Q9BY66,Y,741,0,2,2,2033379,phosphorylation
Q9BY66,S,884,0,1,1,82905065,phosphorylation
Q9BY66,V,1458,0,1,1,50537119,phosphorylation
Q6ZMT4,T,119,0,1,1,46233781,phosphorylation
Q6ZMT4,Y,210,0,1,1,6955441,phosphorylation
Q6ZMT4,T,437,0,9,9,46233787,phosphorylation
Q6ZMT4,S,503,0,1,1,54902307,phosphorylation
Q6ZMT4,T,521,0,1,1,54902301,phosphorylation
Q6ZMT4,T,532,0,1,1,46233793,phosphorylation
Q6ZMT4,S,604,0,9,9,62171015,phosphorylation
Q6ZMT4,S,634,0,4,4,103162631,phosphorylation
Q6ZMT4,S,665,0,1,1,113322655,phosphorylation
Q6ZMT4,S,681,0,2,2,36524331,phosphorylation
Q6ZMT4,S,683,0,2,2,36524337,phosphorylation
Q6ZMT4,S,684,0,2,2,36524343,phosphorylation
Q6ZMT4,S,710,0,2,2,9843413,phosphorylation
Q6ZMT4,S,714,0,1,1,113144787,phosphorylation
Q6ZMT4,S,716,0,1,1,46233775,phosphorylation
Q6ZMT4,S,872,0,1,1,108495153,phosphorylation
Q6ZMT4,S,877,0,2,2,82905079,phosphorylation
Q9Y4C1,S,463,0,8,8,35389,phosphorylation
Q9Y4C1,S,71,0,2,2,46233859,phosphorylation
Q9Y4C1,S,127,0,1,1,46233841,phosphorylation
Q9Y4C1,T,129,0,1,1,46233865,phosphorylation
Q9Y4C1,I,257,0,1,1,51484613,phosphorylation
Q9Y4C1,S,264,2,10,12,16200047,phosphorylation
Q9Y4C1,S,265,3,5,8,35387,phosphorylation
Q9Y4C1,S,283,0,2,2,72273065,phosphorylation
Q9Y4C1,T,308,0,2,2,63732673,phosphorylation
Q9Y4C1,T,319,0,1,1,12447619,phosphorylation
Q9Y4C1,S,325,0,15,15,18630973,phosphorylation
Q9Y4C1,S,370,0,1,1,101562837,phosphorylation
Q9Y4C1,S,373,0,10,10,7850477,phosphorylation
Q9Y4C1,S,405,0,1,1,46233847,phosphorylation
Q9Y4C1,S,424,0,1,1,82905085,phosphorylation
Q9Y4C1,P,433,0,2,2,63854313,phosphorylation
Q9Y4C1,S,445,0,15,15,28320563,phosphorylation
Q9Y4C1,S,481,0,1,1,11026653,phosphorylation
Q9Y4C1,S,495,0,1,1,11026663,phosphorylation
Q9Y4C1,S,498,0,1,1,11026673,phosphorylation
Q9Y4C1,Y,620,0,1,1,113337605,phosphorylation
Q9Y4C1,S,641,0,1,1,46233853,phosphorylation
Q9Y4C1,T,642,0,1,1,46233871,phosphorylation
Q9Y4C1,T,723,0,1,1,113337597,phosphorylation
Q9Y4C1,S,766,0,2,2,62173985,phosphorylation
Q9Y4C1,S,819,0,1,1,113337589,phosphorylation
Q9Y4C1,T,842,0,1,1,46233877,phosphorylation
Q9Y4C1,T,903,0,1,1,108435691,phosphorylation
Q9Y4C1,Y,1090,0,1,1,73715,phosphorylation
Q9Y4C1,Y,1101,1,1,2,73719,phosphorylation
Q9Y4C1,Y,1104,0,1,1,73723,phosphorylation
Q9Y4C1,Y,1114,1,0,1,71054011,phosphorylation
Q9Y4C1,S,1124,0,1,1,82572797,phosphorylation
Q9Y4C1,S,1155,0,1,1,46233835,phosphorylation
Q9Y4C1,Y,1177,0,1,1,108435699,phosphorylation
Q9Y4C1,Y,1301,0,1,1,63747677,phosphorylation
Q7LBC6,S,7,0,1,1,101562845,phosphorylation
Q7LBC6,S,241,0,1,1,61997255,phosphorylation
Q7LBC6,I,247,0,1,1,61997261,phosphorylation
Q7LBC6,N,254,0,1,1,61997267,phosphorylation
Q7LBC6,T,263,0,5,5,46528199,phosphorylation
Q7LBC6,S,278,0,5,5,16197139,phosphorylation
Q7LBC6,S,289,0,15,15,16193761,phosphorylation
Q7LBC6,S,291,0,5,5,35391,phosphorylation
Q7LBC6,S,299,0,1,1,46233901,phosphorylation
Q7LBC6,S,311,0,4,4,44700453,phosphorylation
Q7LBC6,S,314,0,8,8,44700459,phosphorylation
Q7LBC6,S,320,0,4,4,68711797,phosphorylation
Q7LBC6,T,358,0,4,4,24845213,phosphorylation
Q7LBC6,T,378,0,1,1,45278949,phosphorylation
Q7LBC6,T,383,0,1,1,46233925,phosphorylation
Q7LBC6,T,392,0,1,1,76975031,phosphorylation
Q7LBC6,S,437,0,1,1,46233907,phosphorylation
Q7LBC6,T,439,0,2,2,46233931,phosphorylation
Q7LBC6,S,455,0,1,1,76975035,phosphorylation
Q7LBC6,S,480,0,1,1,46233913,phosphorylation
Q7LBC6,T,484,0,1,1,63725035,phosphorylation
Q7LBC6,S,487,0,1,1,63764829,phosphorylation
Q7LBC6,S,492,0,3,3,62176367,phosphorylation
Q7LBC6,S,506,0,1,1,113323585,phosphorylation
Q7LBC6,S,546,0,1,1,3736583911,phosphorylation
Q7LBC6,S,551,0,2,2,9384199,phosphorylation
Q7LBC6,S,552,0,3,3,9384209,phosphorylation
Q7LBC6,S,553,0,8,8,9384219,phosphorylation
Q7LBC6,S,556,0,12,12,145907,phosphorylation
Q7LBC6,S,560,0,6,6,9384239,phosphorylation
Q7LBC6,S,573,0,3,3,15996279,phosphorylation
Q7LBC6,T,579,0,1,1,11771069,phosphorylation
Q7LBC6,S,583,0,1,1,82905093,phosphorylation
Q7LBC6,S,588,0,1,1,11771079,phosphorylation
Q7LBC6,T,602,0,17,17,30822479,phosphorylation
Q7LBC6,S,608,0,1,1,11604645,phosphorylation
Q7LBC6,T,614,0,28,28,145909,phosphorylation
Q7LBC6,S,647,0,3,3,63777467,phosphorylation
Q7LBC6,S,703,0,2,2,10411709,phosphorylation
Q7LBC6,S,708,0,1,1,10411719,phosphorylation
Q7LBC6,T,711,0,1,1,10411729,phosphorylation
Q7LBC6,G,714,0,1,1,63810661,phosphorylation
Q7LBC6,S,716,0,1,1,63811531,phosphorylation
Q7LBC6,S,725,0,5,5,6407755,phosphorylation
Q7LBC6,S,726,0,1,1,6407761,phosphorylation
Q7LBC6,T,729,0,5,5,6407821,phosphorylation
Q7LBC6,S,730,0,2,2,6407773,phosphorylation
Q7LBC6,S,731,0,2,2,6407779,phosphorylation
Q7LBC6,T,733,0,3,3,14643489,phosphorylation
Q7LBC6,T,740,0,3,3,18632771,phosphorylation
Q7LBC6,S,742,0,1,1,3736585653,phosphorylation
Q7LBC6,S,743,0,2,2,6407791,phosphorylation
Q7LBC6,S,744,0,7,7,6407797,phosphorylation
Q7LBC6,T,746,0,1,1,9384249,phosphorylation
Q7LBC6,T,751,0,6,6,55065997,phosphorylation
Q7LBC6,S,766,0,4,4,28320569,phosphorylation
Q7LBC6,S,773,0,51,51,6407803,phosphorylation
Q7LBC6,G,775,0,2,2,9384259,phosphorylation
Q7LBC6,S,778,0,14,14,6407809,phosphorylation
Q7LBC6,S,779,0,43,43,6407815,phosphorylation
Q7LBC6,S,784,0,7,7,30822473,phosphorylation
Q7LBC6,S,798,0,24,24,112833,phosphorylation
Q7LBC6,T,1171,0,1,1,69010331,phosphorylation
Q7LBC6,T,1172,0,1,1,69005685,phosphorylation
Q7LBC6,T,1194,0,1,1,46233919,phosphorylation
Q7LBC6,S,1196,0,1,1,46233883,phosphorylation
Q7LBC6,S,1197,0,1,1,46233889,phosphorylation
Q7LBC6,S,1199,0,1,1,46233895,phosphorylation
Q7LBC6,S,1203,0,1,1,63762669,phosphorylation
Q7LBC6,S,1245,0,1,1,63772751,phosphorylation
Q7LBC6,S,1251,0,4,4,11663097,phosphorylation
Q7LBC6,S,1253,0,26,26,6407737,phosphorylation
Q7LBC6,S,1259,0,3,3,50593135,phosphorylation
Q7LBC6,S,1262,0,1,1,63722781,phosphorylation
Q7LBC6,T,1263,0,1,1,63712079,phosphorylation
Q7LBC6,S,1267,0,11,11,9384269,phosphorylation
Q7LBC6,T,1270,0,12,12,9384279,phosphorylation
Q7LBC6,S,1276,0,1,1,11663107,phosphorylation
Q7LBC6,S,1284,0,1,1,63750927,phosphorylation
Q7LBC6,T,1288,0,1,1,63768595,phosphorylation
Q7LBC6,S,1299,0,4,4,30822485,phosphorylation
Q7LBC6,T,1307,0,39,39,91799,phosphorylation
Q7LBC6,T,1311,0,3,3,30840951,phosphorylation
Q7LBC6,S,1331,0,1,1,24434413,phosphorylation
O75164,T,7,0,1,1,11415261,phosphorylation
O75164,S,11,0,1,1,11415271,phosphorylation
O75164,T,16,0,1,1,11415281,phosphorylation
O75164,T,155,0,21,21,30822491,phosphorylation
O75164,S,307,0,1,1,51484625,phosphorylation
O75164,P,360,0,1,1,3736569115,phosphorylation
O75164,S,410,0,1,1,113302211,phosphorylation
O75164,T,452,0,1,1,68725207,phosphorylation
O75164,S,502,0,5,5,6351999,phosphorylation
O75164,S,514,0,1,1,68730585,phosphorylation
O75164,S,516,0,1,1,68730591,phosphorylation
O75164,S,517,0,1,1,68730597,phosphorylation
O75164,S,520,0,2,2,63713739,phosphorylation
O75164,S,523,0,6,6,61924739,phosphorylation
O75164,Y,547,0,1,1,48599,phosphorylation
O75164,S,570,0,1,1,81023293,phosphorylation
O75164,S,616,0,2,2,72257621,phosphorylation
O75164,T,732,0,1,1,51484619,phosphorylation
O75164,S,733,0,1,1,51484631,phosphorylation
O75164,S,898,0,1,1,108419205,phosphorylation
O75164,T,900,0,1,1,108419211,phosphorylation
O75164,S,1019,0,1,1,72245131,phosphorylation
O75164,Y,1053,0,1,1,69211901,phosphorylation
O75164,Y,1059,0,1,1,30840963,phosphorylation
O94953,Y,31,0,1,1,46233953,phosphorylation
O94953,Y,34,0,2,2,11926505,phosphorylation
O94953,S,37,0,1,1,46233937,phosphorylation
O94953,T,305,1,1,2,171625,phosphorylation
O94953,T,345,0,1,1,9914167,phosphorylation
O94953,S,352,1,1,2,9914177,phosphorylation
O94953,S,364,0,2,2,20849467,phosphorylation
O94953,S,373,0,1,1,29149961,phosphorylation
O94953,P,383,0,1,1,108496201,phosphorylation
O94953,F,390,0,4,4,29149955,phosphorylation
O94953,L,461,0,2,2,9955731,phosphorylation
O94953,P,467,0,1,1,14463819,phosphorylation
O94953,S,475,0,1,1,14463825,phosphorylation
O94953,S,566,1,13,14,32187,phosphorylation
O94953,S,579,0,1,1,46233943,phosphorylation
O94953,T,620,0,1,1,108496207,phosphorylation
O94953,S,622,1,7,8,32189,phosphorylation
O94953,S,625,0,1,1,21587789,phosphorylation
O94953,S,632,0,8,8,29654631,phosphorylation
O94953,S,633,0,8,8,29654671,phosphorylation
O94953,S,666,0,1,1,113303335,phosphorylation
O94953,S,707,0,1,1,50537079,phosphorylation
O94953,S,920,0,1,1,113303341,phosphorylation
O94953,S,1039,0,1,1,51484643,phosphorylation
O94953,T,1065,1,103,104,157163,phosphorylation
O94953,T,1069,0,7,7,46233947,phosphorylation
O94953,Y,1078,0,2,2,21970373,phosphorylation
Q9H3R0,S,8,0,1,1,72256389,phosphorylation
Q9H3R0,Y,32,0,1,1,67273331,phosphorylation
Q9H3R0,T,245,0,1,1,69339127,phosphorylation
Q9H3R0,S,248,0,1,1,46233959,phosphorylation
Q9H3R0,S,250,0,1,1,46233965,phosphorylation
Q9H3R0,T,353,0,1,1,46233989,phosphorylation
Q9H3R0,S,392,0,3,3,28320575,phosphorylation
Q9H3R0,D,396,0,2,2,1054091385,phosphorylation
Q9H3R0,S,429,0,1,1,72261669,phosphorylation
Q9H3R0,S,476,0,7,7,30222533,phosphorylation
Q9H3R0,S,482,0,1,1,62176131,phosphorylation
Q9H3R0,S,515,0,1,1,1054091387,phosphorylation
Q9H3R0,S,570,0,1,1,68699739,phosphorylation
Q9H3R0,S,576,0,1,1,68699745,phosphorylation
Q9H3R0,S,582,0,1,1,46233971,phosphorylation
Q9H3R0,T,887,0,1,1,51484667,phosphorylation
Q9H3R0,T,892,0,1,1,30840969,phosphorylation
Q9H3R0,T,903,0,1,1,50593147,phosphorylation
Q9H3R0,T,906,0,1,1,50593153,phosphorylation
Q9H3R0,Y,908,0,1,1,46233995,phosphorylation
Q9H3R0,S,916,0,1,1,46233977,phosphorylation
Q9H3R0,S,918,1,0,1,3739557231,phosphorylation
Q9H3R0,T,985,0,1,1,50593141,phosphorylation
Q9H3R0,T,1000,0,1,1,51484661,phosphorylation
Q9H3R0,T,1009,0,1,1,46233983,phosphorylation
Q9H3R0,S,1027,0,2,2,186975,phosphorylation
Q6B0I6,Y,303,0,5,5,8268881,phosphorylation
Q6B0I6,T,395,0,1,1,46234001,phosphorylation
Q6B0I6,T,414,0,1,1,46234005,phosphorylation
Q6B0I6,T,416,0,1,1,46234009,phosphorylation
O15054,S,48,0,1,1,46234045,phosphorylation
O15054,S,50,0,1,1,46234051,phosphorylation
O15054,S,218,0,1,1,46234031,phosphorylation
O15054,S,224,0,6,6,62171107,phosphorylation
O15054,T,380,0,1,1,46234057,phosphorylation
O15054,S,400,0,2,2,46349405,phosphorylation
O15054,S,403,0,1,1,46349403,phosphorylation
O15054,S,406,0,2,2,46234041,phosphorylation
O15054,P,468,0,1,1,108495189,phosphorylation
O15054,S,589,0,1,1,82905099,phosphorylation
O15054,S,627,0,2,2,21717837,phosphorylation
O15054,T,637,0,9,9,7455223,phosphorylation
O15054,T,894,0,1,1,30808247,phosphorylation
O15054,S,1025,0,1,1,46234013,phosphorylation
O15054,S,1034,0,2,2,46234019,phosphorylation
O15054,S,1042,0,2,2,46234025,phosphorylation
O15054,P,1046,1,1,2,3735533201,phosphorylation
O15054,S,1085,0,2,2,69302717,phosphorylation
O15054,S,1221,0,1,1,113300227,phosphorylation
O15054,S,1398,0,1,1,113300235,phosphorylation
O15054,T,1524,0,1,1,36022031,phosphorylation
O15054,S,1528,0,1,1,36022037,phosphorylation
O15054,Y,1563,0,1,1,2009685,phosphorylation
Q8N371,S,44,0,1,1,113326757,phosphorylation
Q8N371,T,244,0,1,1,46234063,phosphorylation
Q8N371,Y,262,0,1,1,46234069,phosphorylation
Q8N371,Y,272,0,1,1,59154017,phosphorylation
Q8N371,S,361,1,1,2,3754255813,phosphorylation
B2RXH2,S,352,0,1,1,46103463,phosphorylation
B2RXH2,S,452,0,1,1,68739401,phosphorylation
B2RXH2,T,461,0,1,1,68739405,phosphorylation
Q9Y4K0,T,146,0,1,1,46245013,phosphorylation
Q9Y4K0,S,600,0,2,2,6508127,phosphorylation
Q9Y4K0,S,601,0,2,2,6508275,phosphorylation
Q9Y4K0,S,609,0,2,2,6508277,phosphorylation
Q9Y4K0,S,772,0,1,1,72258851,phosphorylation
O60341,S,35,0,1,1,101263261,phosphorylation
O60341,S,45,0,5,5,29151393,phosphorylation
O60341,T,59,0,15,15,6351255,phosphorylation
O60341,S,69,0,19,19,69463317,phosphorylation
O60341,S,80,0,4,4,6351243,phosphorylation
O60341,T,99,0,1,1,69471097,phosphorylation
O60341,T,104,0,13,13,145461,phosphorylation
O60341,S,111,3,11,14,7657815,phosphorylation
O60341,Y,120,0,1,1,69469903,phosphorylation
O60341,S,126,1,11,12,6351237,phosphorylation
O60341,S,131,1,309,310,33475,phosphorylation
O60341,Y,135,0,50,50,121689,phosphorylation
O60341,Y,136,0,44,44,121693,phosphorylation
O60341,S,137,1,319,320,13365,phosphorylation
O60341,S,166,0,44,44,33477,phosphorylation
O60341,S,172,0,3,3,29151387,phosphorylation
O60341,S,299,0,1,1,68712403,phosphorylation
O60341,T,305,0,1,1,68712405,phosphorylation
O60341,T,335,0,1,1,46246745,phosphorylation
O60341,S,346,0,1,1,46246733,phosphorylation
O60341,Y,363,0,10,10,77233,phosphorylation
O60341,S,466,0,1,1,113301549,phosphorylation
O60341,T,588,0,1,1,68696959,phosphorylation
O60341,S,611,0,7,7,46246739,phosphorylation
O60341,S,683,1,0,1,115572611,phosphorylation
O60341,S,687,1,0,1,115572613,phosphorylation
O60341,Y,807,0,1,1,7080801,phosphorylation
O60341,T,810,0,1,1,37278161,phosphorylation
O60341,T,841,0,14,14,7967067,phosphorylation
O60341,S,849,0,28,28,6351249,phosphorylation
O60341,S,851,0,7,7,167351,phosphorylation
Q9H6W3,S,26,0,1,1,63708791,phosphorylation
Q9H6W3,S,28,0,1,1,113338855,phosphorylation
Q9H6W3,S,48,0,1,1,50604997,phosphorylation
Q9H6W3,T,55,0,1,1,45555489,phosphorylation
Q9H6W3,S,60,0,5,5,50605003,phosphorylation
Q9H6W3,S,63,0,4,4,50605007,phosphorylation
Q9H6W3,S,66,0,2,2,50605011,phosphorylation
Q9H6W3,S,70,0,1,1,9898419,phosphorylation
Q9H6W3,S,109,0,14,14,6425257,phosphorylation
Q9H6W3,S,126,0,7,7,103167277,phosphorylation
Q9H6W3,A,190,0,1,1,51494449,phosphorylation
Q9H6W3,S,197,0,1,1,82573811,phosphorylation
Q9H6W3,S,198,0,1,1,82573819,phosphorylation
O75151,S,86,0,1,1,30810463,phosphorylation
O75151,S,147,0,1,1,34801937,phosphorylation
O75151,S,458,0,11,11,9571413,phosphorylation
O75151,S,459,0,6,6,14203445,phosphorylation
O75151,S,474,0,28,28,9571425,phosphorylation
O75151,A,478,0,1,1,3736582483,phosphorylation
O75151,T,479,0,13,13,7653869,phosphorylation
O75151,S,483,0,1,1,82574277,phosphorylation
O75151,P,511,0,3,3,35315115,phosphorylation
O75151,S,534,0,4,4,63742047,phosphorylation
O75151,S,537,0,9,9,6351879,phosphorylation
O75151,S,539,0,27,27,6351885,phosphorylation
O75151,T,541,0,10,10,6351909,phosphorylation
O75151,S,570,0,1,1,29155403,phosphorylation
O75151,S,573,0,1,1,29155409,phosphorylation
O75151,S,612,0,2,2,72273873,phosphorylation
O75151,S,625,0,23,23,29155397,phosphorylation
O75151,S,638,0,2,2,63724281,phosphorylation
O75151,S,640,0,3,3,14640463,phosphorylation
O75151,T,654,0,9,9,9571449,phosphorylation
O75151,S,655,0,14,14,6351891,phosphorylation
O75151,S,681,0,30,30,171815,phosphorylation
O75151,S,705,0,26,26,9571461,phosphorylation
O75151,Y,728,0,1,1,3736576811,phosphorylation
O75151,S,730,0,7,7,98033,phosphorylation
O75151,S,733,0,9,9,98037,phosphorylation
O75151,S,734,0,8,8,98041,phosphorylation
O75151,S,738,0,3,3,98045,phosphorylation
O75151,T,743,0,2,2,50609553,phosphorylation
O75151,T,745,0,2,2,50609561,phosphorylation
O75151,S,757,1,1,2,41872799,phosphorylation
O75151,S,771,0,1,1,46262675,phosphorylation
O75151,S,788,0,1,1,69011333,phosphorylation
O75151,S,853,0,13,13,9571485,phosphorylation
O75151,S,879,0,13,13,6351897,phosphorylation
O75151,S,882,0,43,43,6351903,phosphorylation
O75151,S,899,1,43,44,8339023,phosphorylation
O75151,S,905,0,21,21,8192077,phosphorylation
O75151,T,907,0,2,2,55992731,phosphorylation
O75151,S,913,0,1,1,29155391,phosphorylation
O75151,T,925,0,1,1,10549837,phosphorylation
O75151,S,929,0,5,5,57692553,phosphorylation
O75151,S,942,0,2,2,118161,phosphorylation
O75151,S,954,1,0,1,41872801,phosphorylation
O75151,T,1040,0,1,1,69468811,phosphorylation
O75151,S,1041,0,2,2,61998691,phosphorylation
O75151,T,1051,0,1,1,61998697,phosphorylation
O75151,S,1056,1,19,20,22277543,phosphorylation
O75151,S,1058,0,3,3,29155415,phosphorylation
O75151,S,1059,0,8,8,31005557,phosphorylation
O75151,T,1064,0,2,2,22277553,phosphorylation
Q9UPP1,T,22,0,1,1,50609643,phosphorylation
Q9UPP1,T,23,0,1,1,50609647,phosphorylation
Q9UPP1,S,69,2,1,3,30217613,phosphorylation
Q9UPP1,S,104,0,1,1,68732533,phosphorylation
Q9UPP1,S,105,0,1,1,68732539,phosphorylation
Q9UPP1,S,120,2,15,17,35493,phosphorylation
Q9UPP1,T,122,0,1,1,54915329,phosphorylation
Q9UPP1,S,175,0,1,1,113339633,phosphorylation
Q9UPP1,Y,186,0,1,1,34804843,phosphorylation
Q9UPP1,S,189,0,1,1,34801333,phosphorylation
Q9UPP1,Y,214,0,1,1,79187,phosphorylation
Q9UPP1,Y,215,0,1,1,79191,phosphorylation
Q9UPP1,Y,216,0,1,1,79195,phosphorylation
Q9UPP1,T,359,0,1,1,46262823,phosphorylation
Q9UPP1,S,373,0,1,1,46262799,phosphorylation
Q9UPP1,Y,383,0,4,4,46262829,phosphorylation
Q9UPP1,S,501,0,1,1,55992231,phosphorylation
Q9UPP1,T,505,0,1,1,55992237,phosphorylation
Q9UPP1,T,511,0,1,1,55992243,phosphorylation
Q9UPP1,S,512,0,1,1,55992249,phosphorylation
Q9UPP1,S,593,0,1,1,18637331,phosphorylation
Q9UPP1,T,614,0,1,1,9872519,phosphorylation
Q9UPP1,S,651,0,10,10,9490799,phosphorylation
Q9UPP1,S,685,0,1,1,68703429,phosphorylation
Q9UPP1,Y,704,0,2,2,6432271,phosphorylation
Q9UPP1,T,705,0,9,9,6432259,phosphorylation
Q9UPP1,T,706,0,11,11,6432265,phosphorylation
Q9UPP1,S,722,0,7,7,6432241,phosphorylation
Q9UPP1,S,802,0,2,2,46262805,phosphorylation
Q9UPP1,S,804,0,17,17,18637341,phosphorylation
Q9UPP1,S,807,0,2,2,46262811,phosphorylation
Q9UPP1,S,826,0,6,6,9490811,phosphorylation
Q9UPP1,S,834,0,8,8,9490823,phosphorylation
Q9UPP1,Y,850,0,1,1,55066419,phosphorylation
Q9UPP1,Y,852,0,1,1,37603577,phosphorylation
Q9UPP1,S,854,1,39,40,6432247,phosphorylation
Q9UPP1,S,857,1,64,65,98049,phosphorylation
Q9UPP1,S,866,0,1,1,46262817,phosphorylation
Q9UPP1,S,874,0,1,1,72266857,phosphorylation
Q9UPP1,S,880,1,35,36,6432253,phosphorylation
Q9UPP1,T,886,0,5,5,54915321,phosphorylation
Q9UPP1,T,900,0,1,1,10549929,phosphorylation
Q9UPP1,S,904,0,6,6,35081929,phosphorylation
Q9UPP1,T,907,0,1,1,35081931,phosphorylation
Q9UPP1,T,1007,0,2,2,54915313,phosphorylation
Q9UPP1,S,1021,0,37,37,9490835,phosphorylation
Q9UPP1,S,1024,0,3,3,54915305,phosphorylation
Q15652,S,101,0,1,1,25478419,phosphorylation
Q15652,S,284,0,5,5,61950973,phosphorylation
Q15652,T,300,0,1,1,51514493,phosphorylation
Q15652,S,308,0,1,1,51514501,phosphorylation
Q15652,S,317,0,23,23,9470557,phosphorylation
Q15652,S,319,0,2,2,14207107,phosphorylation
Q15652,S,320,0,8,8,9470567,phosphorylation
Q15652,Y,332,0,4,4,31141089,phosphorylation
Q15652,Y,334,0,1,1,31141095,phosphorylation
Q15652,N,350,0,1,1,62000731,phosphorylation
Q15652,T,369,0,2,2,16194105,phosphorylation
Q15652,S,373,0,16,16,115067,phosphorylation
Q15652,S,376,0,14,14,115071,phosphorylation
Q15652,S,378,0,4,4,115075,phosphorylation
Q15652,S,379,0,8,8,115079,phosphorylation
Q15652,S,384,0,2,2,115087,phosphorylation
Q15652,S,430,0,2,2,162985,phosphorylation
Q15652,S,475,0,1,1,3736584823,phosphorylation
Q15652,S,501,0,10,10,11692291,phosphorylation
Q15652,P,503,0,5,5,9470577,phosphorylation
Q15652,T,505,0,21,21,9470587,phosphorylation
Q15652,T,528,0,1,1,46311369,phosphorylation
Q15652,T,533,0,1,1,46311375,phosphorylation
Q15652,S,547,0,1,1,46311327,phosphorylation
Q15652,T,556,0,1,1,50630155,phosphorylation
Q15652,Y,596,0,2,2,64339,phosphorylation
Q15652,S,598,0,2,2,46311333,phosphorylation
Q15652,Y,599,0,2,2,64343,phosphorylation
Q15652,S,601,0,3,3,18572205,phosphorylation
Q15652,S,604,0,1,1,63770097,phosphorylation
Q15652,S,617,0,19,19,22186125,phosphorylation
Q15652,T,622,0,4,4,22186135,phosphorylation
Q15652,T,629,0,1,1,22186145,phosphorylation
Q15652,S,630,0,1,1,72250785,phosphorylation
Q15652,S,638,0,8,8,6394343,phosphorylation
Q15652,S,639,0,6,6,54916077,phosphorylation
Q15652,S,641,0,23,23,6394349,phosphorylation
Q15652,T,650,0,4,4,76976587,phosphorylation
Q15652,S,652,0,39,39,9470597,phosphorylation
Q15652,S,655,0,4,4,63814763,phosphorylation
Q15652,Y,662,0,1,1,68852987,phosphorylation
Q15652,S,701,0,2,2,54916061,phosphorylation
Q15652,S,734,0,1,1,7931911,phosphorylation
Q15652,S,742,0,1,1,11721443,phosphorylation
Q15652,S,744,0,1,1,11721453,phosphorylation
Q15652,S,942,0,1,1,9470607,phosphorylation
Q15652,S,943,0,20,20,14642427,phosphorylation
Q15652,S,974,0,1,1,68853727,phosphorylation
Q15652,S,984,0,1,1,72266107,phosphorylation
Q15652,S,1029,0,1,1,3736570631,phosphorylation
Q15652,T,1036,0,1,1,3736570645,phosphorylation
Q15652,S,1050,0,1,1,72255251,phosphorylation
Q15652,S,1054,0,2,2,22357757,phosphorylation
Q15652,S,1057,0,1,1,22360247,phosphorylation
Q15652,S,1058,0,2,2,22357767,phosphorylation
Q15652,N,1181,0,1,1,63814915,phosphorylation
Q15652,S,1185,0,11,11,14642433,phosphorylation
Q15652,T,1187,0,3,3,14642439,phosphorylation
Q15652,T,1196,0,2,2,46311339,phosphorylation
Q15652,S,1216,0,2,2,54916069,phosphorylation
Q15652,S,1223,0,1,1,101603383,phosphorylation
Q15652,Y,1224,0,1,1,62171763,phosphorylation
Q15652,S,1226,0,1,1,63815815,phosphorylation
Q15652,S,1228,0,6,6,62172409,phosphorylation
Q15652,T,1231,0,2,2,42485707,phosphorylation
Q15652,T,1233,0,1,1,46311345,phosphorylation
Q15652,S,1268,0,2,2,157295,phosphorylation
Q15652,T,1287,0,1,1,50630139,phosphorylation
Q15652,S,1295,0,1,1,50630171,phosphorylation
Q15652,T,1405,0,2,2,46311351,phosphorylation
Q15652,S,1409,0,1,1,46311285,phosphorylation
Q15652,S,1414,0,1,1,46311291,phosphorylation
Q15652,T,1428,0,1,1,46311357,phosphorylation
Q15652,S,1434,0,1,1,46311297,phosphorylation
Q15652,S,1460,0,2,2,46311303,phosphorylation
Q15652,S,1461,0,1,1,46311309,phosphorylation
Q15652,T,1548,0,1,1,68730435,phosphorylation
Q15652,T,1621,0,1,1,46311363,phosphorylation
Q15652,S,1624,0,1,1,51514469,phosphorylation
Q15652,S,1628,0,1,1,72258977,phosphorylation
Q15652,S,1631,0,1,1,72255589,phosphorylation
Q15652,S,1634,0,2,2,50630123,phosphorylation
Q15652,S,1636,0,2,2,50630147,phosphorylation
Q15652,S,1677,0,1,1,50630131,phosphorylation
Q15652,S,1682,0,1,1,50630163,phosphorylation
Q15652,S,1748,0,4,4,54916053,phosphorylation
Q15652,S,1761,0,2,2,46311315,phosphorylation
Q15652,S,1763,0,2,2,46311321,phosphorylation
Q15652,T,1905,0,1,1,101603395,phosphorylation
Q15652,S,1911,0,1,1,101603389,phosphorylation
Q15652,T,1914,0,1,1,101603401,phosphorylation
Q15652,T,1948,0,1,1,61997701,phosphorylation
Q15652,S,1953,0,1,1,61997707,phosphorylation
Q15652,S,1973,0,1,1,29164169,phosphorylation
Q15652,T,1978,0,16,16,29164163,phosphorylation
Q15652,S,1982,0,1,1,72273261,phosphorylation
Q15652,S,1989,0,1,1,30832207,phosphorylation
Q15652,T,2001,0,1,1,30832219,phosphorylation
Q15652,S,2005,0,1,1,6394337,phosphorylation
Q15652,S,2007,0,7,7,14642445,phosphorylation
Q15652,S,2045,0,1,1,63716851,phosphorylation
Q15652,S,2047,0,3,3,28323129,phosphorylation
Q15652,T,2052,0,4,4,23075157,phosphorylation
Q15652,S,2053,0,9,9,32699,phosphorylation
Q15652,S,2057,0,1,1,68724369,phosphorylation
Q15652,S,2064,0,1,1,68724375,phosphorylation
Q15652,T,2065,0,1,1,68724381,phosphorylation
Q15652,T,2082,0,2,2,16324349,phosphorylation
Q15652,S,2228,0,1,1,113317461,phosphorylation
Q15652,S,2231,0,1,1,113317469,phosphorylation
O15550,T,387,0,1,1,50632331,phosphorylation
O15550,S,388,0,1,1,50632337,phosphorylation
O15550,T,535,0,1,1,46144109,phosphorylation
O15550,S,539,0,1,1,46144097,phosphorylation
O15550,S,552,0,1,1,12290169,phosphorylation
O15550,S,761,0,1,1,113300679,phosphorylation
O15550,S,769,0,13,13,9399059,phosphorylation
O15550,A,806,0,1,1,51516201,phosphorylation
O15550,T,809,0,1,1,51516213,phosphorylation
O15550,T,811,0,3,3,51516219,phosphorylation
O15550,S,817,0,1,1,108831457,phosphorylation
O15550,S,818,0,10,10,13503,phosphorylation
O15550,T,825,0,1,1,51516225,phosphorylation
O15550,T,827,0,4,4,9399089,phosphorylation
O15550,S,829,0,23,23,37929,phosphorylation
O15550,S,926,0,1,1,72840111,phosphorylation
O15550,Y,928,0,2,2,80433,phosphorylation
O15550,S,1061,0,4,4,14209453,phosphorylation
O15550,S,1091,0,1,1,36035007,phosphorylation
O15550,T,1131,0,1,1,46144103,phosphorylation
O14607,S,28,0,1,1,50632347,phosphorylation
O14607,Y,285,0,1,1,15355203,phosphorylation
O14607,T,386,0,1,1,46144127,phosphorylation
O14607,S,501,0,1,1,22109103,phosphorylation
O14607,S,586,0,1,1,68713811,phosphorylation
O14607,S,588,0,1,1,68713815,phosphorylation
O14607,S,674,0,1,1,46144121,phosphorylation
O14607,T,679,0,1,1,50632343,phosphorylation
O14607,S,680,0,1,1,50632365,phosphorylation
O14607,T,683,0,2,2,50632359,phosphorylation
O14607,S,776,0,2,2,81445053,phosphorylation
O14607,S,793,0,1,1,82910609,phosphorylation
O14607,T,1033,0,1,1,6146239,phosphorylation
O14607,S,1038,0,1,1,6146247,phosphorylation
O14607,S,1213,0,1,1,46144115,phosphorylation
